model,score_train,score_test,n_nodes,n_layers,dropout,lr,score_val,model_params,batch_size,discrete
DeepSurv,0.7215373350177349,0.6910870274744572,64.0,4.0,0.4,0.01,0.695405819295559,,,
DeepHit,0.7214695151476964,0.6930142585031986,64.0,4.0,0.4,0.01,0.7075352271237408,"{'alpha': 0.2, 'sigma': 0.1}",16.0,True
cox_ph,0.5894588182607411,0.5899474980700575,,,,,,,,
gboost,0.5546094237079222,0.5579813426403611,,,,,,,,
svm,0.5953990286271224,0.5963280190171159,,,,,,,,
