model,mean,std,time,val
CoxPH,0.6819929062799608,0.0015327456115261145,0.9228656609853109,0.6825012317625998
Gradient Boosting,0.7030890314820913,0.0012516217629810254,6.783626449108124,0.7029303167497226
Random Forests,0.6925050730695148,0.0011222022775828338,399.6449834505717,0.6936813398570051
SVM,0.5859783833734442,0.0022031839064487898,4.935532267888387,0.49297818554000145
